episode,reward,is_win,is_loss,steps
0,98.1763430436264,True,False,183
1,100.43988434842782,True,False,32
2,98.91911921541318,True,False,134
