episode,reward,is_win,is_loss,steps
0,-109.22500000000007,False,True,369
1,95.21841525046874,True,True,250
2,101.09341525046877,True,False,15
