episode,reward,is_win,is_loss,steps
0,-106.46499999999996,False,True,431
1,100.72592379491412,True,False,12
2,95.08592379491415,True,True,388
