episode,reward,is_win,is_loss,steps
0,62.52250687848249,False,True,1372
1,228.3866960699062,False,False,2000
2,-9.907893636396958,False,False,2000
