episode,reward,is_win,is_loss,steps
0,101.37107443490112,True,False,5
1,100.00583333333334,True,True,93
2,241.85890331234106,True,False,215
