episode,reward,is_win,is_loss,steps
0,309.82871544979673,False,False,2000
1,14.680286237425435,False,True,860
2,-113.35000000000012,False,True,890
