episode,reward,is_win,is_loss,steps
0,-33.599176056286595,False,True,250
1,295.91693164313193,True,True,691
2,366.61445985078706,True,False,1777
